"","snp_id","pos_kb","gap_to_prev_kb","spacing_component","maf","attenuation_factor","is_hotspot_boundary"
"1","rs0001",0,NA,NA,0.2328,0.8351,FALSE
"2","rs0002",16.78,16.78,"sparse",0.1234,0.7395,FALSE
"3","rs0003",29.91,13.12,"sparse",0.221,0.8284,FALSE
"4","rs0004",30.05,0.14,"dense",0.0554,0.5946,FALSE
"5","rs0005",38.07,8.02,"sparse",0.052,0.5855,FALSE
"6","rs0006",39.18,1.11,"dense",0.0819,0.6651,FALSE
"7","rs0007",41.65,2.46,"dense",0.4996,0.8988,FALSE
"8","rs0008",41.88,0.23,"dense",0.4694,0.8981,FALSE
"9","rs0009",44.73,2.86,"dense",0.2016,0.8165,FALSE
"10","rs0010",48.21,3.47,"dense",0.2806,0.8586,FALSE
"11","rs0011",51.28,3.07,"dense",0.4424,0.8963,FALSE
"12","rs0012",52.48,1.2,"dense",0.0911,0.6822,FALSE
"13","rs0013",56.52,4.05,"dense",0.1638,0.7846,FALSE
"14","rs0014",91.94,35.42,"sparse",0.4972,0.8988,FALSE
"15","rs0015",92.04,0.1,"dense",0.304,0.8671,FALSE
"16","rs0016",93.71,1.66,"dense",0.1039,0.709,FALSE
"17","rs0017",105.72,12.01,"sparse",0.0619,0.6139,FALSE
"18","rs0018",138.59,32.87,"sparse",0.0603,0.6143,TRUE
"19","rs0019",139.88,1.3,"dense",0.2032,0.8184,FALSE
"20","rs0020",140.09,0.21,"dense",0.3278,0.8751,FALSE
"21","rs0021",145.7,5.61,"dense",0.1939,0.8115,FALSE
"22","rs0022",209.32,63.62,"sparse",0.3109,0.8689,TRUE
"23","rs0023",211.35,2.03,"dense",0.4198,0.8936,FALSE
"24","rs0024",213.67,2.32,"sparse",0.051,0.5842,FALSE
"25","rs0025",270.72,57.04,"sparse",0.2667,0.8523,FALSE
"26","rs0026",275.1,4.38,"dense",0.0663,0.6324,TRUE
"27","rs0027",275.53,0.43,"dense",0.391,0.8906,FALSE
"28","rs0028",275.97,0.44,"dense",0.0622,0.6231,FALSE
"29","rs0029",299.7,23.72,"sparse",0.486,0.8987,TRUE
"30","rs0030",303.21,3.52,"dense",0.4939,0.8988,FALSE
"31","rs0031",321.81,18.59,"sparse",0.1359,0.7522,FALSE
"32","rs0032",323.03,1.22,"dense",0.4864,0.8987,FALSE
"33","rs0033",343.47,20.44,"sparse",0.1193,0.7321,TRUE
"34","rs0034",344.87,1.4,"dense",0.1109,0.7193,FALSE
"35","rs0035",346.03,1.15,"dense",0.1684,0.7879,FALSE
"36","rs0036",346.54,0.52,"dense",0.1468,0.7663,FALSE
"37","rs0037",372.16,25.62,"sparse",0.2348,0.8382,FALSE
"38","rs0038",378.39,6.23,"dense",0.138,0.7573,FALSE
"39","rs0039",378.49,0.1,"dense",0.2192,0.8286,FALSE
"40","rs0040",390.61,12.12,"sparse",0.0657,0.632,FALSE
"41","rs0041",391.31,0.7,"dense",0.4277,0.8953,FALSE
"42","rs0042",391.62,0.3,"dense",0.3565,0.8837,FALSE
"43","rs0043",392.04,0.43,"dense",0.4958,0.8988,FALSE
"44","rs0044",392.27,0.23,"dense",0.4833,0.8987,FALSE
"45","rs0045",396.48,4.2,"sparse",0.2751,0.8582,FALSE
"46","rs0046",398.01,1.54,"dense",0.4822,0.8987,FALSE
"47","rs0047",402.5,4.49,"sparse",0.0788,0.6646,FALSE
"48","rs0048",406.86,4.36,"sparse",0.296,0.8636,TRUE
"49","rs0049",411.65,4.79,"dense",0.0732,0.6472,FALSE
"50","rs0050",419.24,7.59,"sparse",0.1066,0.7115,FALSE
"51","rs0051",419.69,0.45,"dense",0.2314,0.8333,FALSE
"52","rs0052",426.93,7.24,"dense",0.3202,0.8717,FALSE
"53","rs0053",427.59,0.66,"dense",0.4979,0.8988,FALSE
"54","rs0054",433.34,5.75,"dense",0.4988,0.8988,FALSE
"55","rs0055",433.44,0.1,"dense",0.4681,0.8979,FALSE
"56","rs0056",433.54,0.1,"dense",0.4489,0.8966,FALSE
"57","rs0057",434.9,1.35,"dense",0.484,0.8985,FALSE
"58","rs0058",435,0.1,"dense",0.1604,0.7771,FALSE
"59","rs0059",435.11,0.12,"dense",0.4844,0.8985,FALSE
"60","rs0060",439.52,4.41,"dense",0.4394,0.8959,FALSE
"61","rs0061",439.62,0.1,"dense",0.2382,0.8364,FALSE
"62","rs0062",440.24,0.62,"dense",0.441,0.8959,FALSE
"63","rs0063",453.63,13.39,"sparse",0.2524,0.845,FALSE
"64","rs0064",457.64,4.01,"dense",0.0735,0.6479,FALSE
"65","rs0065",459.67,2.03,"dense",0.1746,0.7911,FALSE
"66","rs0066",461.21,1.54,"sparse",0.1368,0.7535,FALSE
"67","rs0067",462.19,0.98,"dense",0.4208,0.8934,FALSE
"68","rs0068",462.63,0.44,"dense",0.4976,0.8988,FALSE
"69","rs0069",481.49,18.86,"sparse",0.333,0.8766,TRUE
"70","rs0070",486.18,4.69,"dense",0.0542,0.5952,FALSE
"71","rs0071",492.03,5.84,"dense",0.4312,0.8951,FALSE
"72","rs0072",492.46,0.43,"dense",0.1436,0.762,FALSE
"73","rs0073",493.65,1.19,"dense",0.4851,0.8986,FALSE
"74","rs0074",494.69,1.04,"dense",0.4196,0.8937,FALSE
"75","rs0075",494.8,0.11,"dense",0.4101,0.8925,FALSE
"76","rs0076",495.79,1,"dense",0.2512,0.8439,FALSE
"77","rs0077",500.77,4.98,"dense",0.2005,0.8122,FALSE
"78","rs0078",501.63,0.86,"dense",0.479,0.8984,FALSE
"79","rs0079",502.36,0.73,"dense",0.23,0.8325,FALSE
"80","rs0080",511.85,9.49,"dense",0.184,0.7989,FALSE
"81","rs0081",513.44,1.59,"dense",0.0744,0.6493,FALSE
"82","rs0082",518.86,5.42,"dense",0.4315,0.8949,FALSE
"83","rs0083",520.1,1.24,"dense",0.2238,0.8299,FALSE
"84","rs0084",520.64,0.54,"dense",0.1669,0.7858,FALSE
"85","rs0085",523.85,3.2,"dense",0.0871,0.6803,TRUE
"86","rs0086",526.35,2.5,"dense",0.0726,0.6511,FALSE
"87","rs0087",530.08,3.72,"dense",0.1673,0.7862,FALSE
"88","rs0088",530.7,0.62,"dense",0.0695,0.6446,FALSE
"89","rs0089",532.57,1.87,"dense",0.2413,0.8412,TRUE
"90","rs0090",535.55,2.98,"dense",0.0796,0.665,FALSE
"91","rs0091",535.65,0.1,"dense",0.4654,0.898,FALSE
"92","rs0092",537.3,1.65,"dense",0.4684,0.8982,FALSE
"93","rs0093",542.82,5.52,"dense",0.0517,0.586,FALSE
"94","rs0094",545.42,2.6,"dense",0.2528,0.847,FALSE
"95","rs0095",555.9,10.48,"sparse",0.3224,0.8743,FALSE
"96","rs0096",582.5,26.6,"sparse",0.4302,0.8953,FALSE
"97","rs0097",591.12,8.62,"dense",0.4998,0.8988,FALSE
"98","rs0098",593.6,2.48,"dense",0.308,0.8679,FALSE
"99","rs0099",594.21,0.61,"dense",0.071,0.6425,FALSE
"100","rs0100",598.22,4.01,"dense",0.2465,0.8433,FALSE
"101","rs0101",599.24,1.02,"dense",0.0538,0.5913,FALSE
"102","rs0102",600.98,1.74,"dense",0.4723,0.8982,FALSE
"103","rs0103",601.68,0.7,"dense",0.2606,0.8478,TRUE
"104","rs0104",603.5,1.83,"dense",0.464,0.8979,FALSE
"105","rs0105",608.14,4.64,"dense",0.1495,0.7688,FALSE
"106","rs0106",620.32,12.18,"sparse",0.4963,0.8988,FALSE
"107","rs0107",658.28,37.96,"sparse",0.2322,0.8329,FALSE
"108","rs0108",660.6,2.32,"dense",0.1339,0.7459,FALSE
"109","rs0109",662.07,1.46,"dense",0.2338,0.8344,FALSE
"110","rs0110",663.28,1.21,"dense",0.0822,0.6618,FALSE
"111","rs0111",663.9,0.62,"dense",0.0922,0.6826,FALSE
"112","rs0112",665.17,1.27,"dense",0.4373,0.8949,FALSE
"113","rs0113",698.03,32.86,"sparse",0.1866,0.8048,TRUE
"114","rs0114",698.13,0.1,"dense",0.3376,0.8779,FALSE
"115","rs0115",700.31,2.18,"dense",0.0911,0.6918,FALSE
"116","rs0116",701.4,1.09,"dense",0.4207,0.8945,FALSE
"117","rs0117",701.57,0.17,"dense",0.1526,0.7756,FALSE
"118","rs0118",703.2,1.63,"dense",0.3357,0.8776,FALSE
"119","rs0119",705.53,2.33,"dense",0.4586,0.8977,FALSE
"120","rs0120",711.75,6.23,"dense",0.2726,0.8557,FALSE
"121","rs0121",739.21,27.46,"sparse",0.1181,0.7342,FALSE
"122","rs0122",739.56,0.35,"dense",0.3406,0.8795,TRUE
"123","rs0123",741.24,1.68,"dense",0.4547,0.8976,FALSE
"124","rs0124",741.41,0.17,"dense",0.484,0.8987,FALSE
"125","rs0125",742.13,0.71,"dense",0.3176,0.8738,FALSE
"126","rs0126",748.63,6.51,"dense",0.3424,0.8803,TRUE
"127","rs0127",749.81,1.18,"dense",0.4968,0.8988,FALSE
"128","rs0128",757.06,7.25,"sparse",0.1829,0.8003,FALSE
"129","rs0129",771.34,14.28,"sparse",0.1902,0.805,FALSE
"130","rs0130",772.7,1.36,"dense",0.2589,0.8482,FALSE
"131","rs0131",775.03,2.33,"dense",0.0545,0.5964,FALSE
"132","rs0132",775.42,0.39,"sparse",0.4204,0.8944,FALSE
"133","rs0133",775.75,0.33,"dense",0.2841,0.8598,FALSE
"134","rs0134",776.3,0.55,"dense",0.38,0.8878,FALSE
"135","rs0135",788.55,12.26,"sparse",0.2674,0.8567,TRUE
"136","rs0136",804.99,16.44,"sparse",0.3104,0.8724,FALSE
"137","rs0137",805.9,0.91,"dense",0.2264,0.8363,FALSE
"138","rs0138",810.83,4.93,"sparse",0.4533,0.8979,FALSE
"139","rs0139",811.73,0.9,"dense",0.298,0.868,FALSE
"140","rs0140",813.56,1.83,"dense",0.4879,0.8988,FALSE
"141","rs0141",818.56,5,"dense",0.186,0.8069,FALSE
"142","rs0142",819.07,0.51,"dense",0.4803,0.8988,FALSE
"143","rs0143",820.66,1.59,"dense",0.159,0.7835,FALSE
"144","rs0144",822.92,2.26,"dense",0.0504,0.5843,FALSE
"145","rs0145",823.77,0.84,"dense",0.2009,0.8178,FALSE
"146","rs0146",824.54,0.78,"dense",0.0608,0.62,FALSE
"147","rs0147",837.23,12.69,"sparse",0.0495,0.5842,TRUE
"148","rs0148",837.96,0.74,"dense",0.344,0.8809,FALSE
"149","rs0149",840.11,2.15,"sparse",0.0494,0.5845,FALSE
"150","rs0150",841.37,1.27,"dense",0.1079,0.7175,FALSE
"151","rs0151",842.14,0.76,"dense",0.485,0.8987,FALSE
"152","rs0152",845.16,3.02,"dense",0.4657,0.898,FALSE
"153","rs0153",845.78,0.62,"dense",0.0588,0.6154,FALSE
"154","rs0154",849.05,3.27,"dense",0.0741,0.6524,FALSE
"155","rs0155",849.88,0.83,"dense",0.2544,0.8483,FALSE
"156","rs0156",851.66,1.78,"dense",0.4991,0.8988,FALSE
"157","rs0157",853.63,1.97,"dense",0.3135,0.8718,FALSE
"158","rs0158",854.67,1.03,"dense",0.2974,0.8663,FALSE
"159","rs0159",856.72,2.06,"dense",0.485,0.8987,FALSE
"160","rs0160",858.2,1.47,"dense",0.1525,0.7736,FALSE
"161","rs0161",859.51,1.31,"dense",0.115,0.7283,FALSE
"162","rs0162",903.16,43.65,"sparse",0.4205,0.8945,FALSE
"163","rs0163",903.63,0.47,"dense",0.2804,0.8608,FALSE
"164","rs0164",908.69,5.06,"dense",0.122,0.7383,TRUE
"165","rs0165",910.07,1.38,"dense",0.1089,0.7183,FALSE
"166","rs0166",921.75,11.68,"dense",0.4892,0.8987,FALSE
"167","rs0167",922.49,0.74,"dense",0.1252,0.7402,FALSE
"168","rs0168",923.55,1.06,"dense",0.3006,0.8649,FALSE
"169","rs0169",926.16,2.61,"dense",0.4687,0.8979,FALSE
"170","rs0170",926.51,0.35,"dense",0.0504,0.5853,FALSE
"171","rs0171",928.53,2.02,"dense",0.1058,0.7093,FALSE
"172","rs0172",929.16,0.64,"dense",0.4181,0.8933,FALSE
"173","rs0173",931.23,2.07,"dense",0.0644,0.6265,FALSE
"174","rs0174",932.3,1.07,"dense",0.0998,0.6983,FALSE
"175","rs0175",932.4,0.1,"dense",0.3828,0.8877,FALSE
"176","rs0176",933.29,0.88,"dense",0.1958,0.8108,FALSE
"177","rs0177",933.39,0.1,"dense",0.1326,0.7476,FALSE
"178","rs0178",973.91,40.52,"sparse",0.343,0.88,TRUE
"179","rs0179",975.3,1.39,"dense",0.0931,0.6944,FALSE
"180","rs0180",977.09,1.78,"dense",0.3614,0.8842,FALSE
"181","rs0181",979.29,2.2,"dense",0.0544,0.6079,FALSE
"182","rs0182",989.91,10.62,"sparse",0.1518,0.7735,FALSE
"183","rs0183",999.68,9.77,"sparse",0.2667,0.8543,FALSE
"184","rs0184",999.97,0.29,"dense",0.2776,0.8589,FALSE
"185","rs0185",1000.88,0.91,"dense",0.2852,0.8616,FALSE
"186","rs0186",1000.98,0.1,"dense",0.2947,0.8653,FALSE
"187","rs0187",1002.4,1.41,"dense",0.1066,0.7154,FALSE
"188","rs0188",1043.01,40.62,"sparse",0.362,0.8847,TRUE
"189","rs0189",1043.11,0.1,"dense",0.4826,0.8987,FALSE
"190","rs0190",1044.06,0.95,"dense",0.2988,0.8673,FALSE
"191","rs0191",1045.01,0.95,"dense",0.4784,0.8986,FALSE
"192","rs0192",1046.22,1.21,"dense",0.201,0.8169,FALSE
"193","rs0193",1046.75,0.52,"dense",0.4843,0.8987,FALSE
"194","rs0194",1050.28,3.54,"dense",0.2336,0.8363,FALSE
"195","rs0195",1050.58,0.3,"dense",0.1916,0.8096,FALSE
"196","rs0196",1051.15,0.57,"dense",0.0515,0.5869,FALSE
"197","rs0197",1054.94,3.79,"dense",0.2546,0.847,FALSE
"198","rs0198",1058.05,3.11,"dense",0.0697,0.6412,TRUE
"199","rs0199",1059.41,1.37,"dense",0.1057,0.7142,FALSE
"200","rs0200",1060.08,0.67,"dense",0.343,0.8796,FALSE
"201","rs0201",1060.29,0.21,"dense",0.3643,0.885,FALSE
"202","rs0202",1102.24,41.95,"sparse",0.1718,0.7896,TRUE
"203","rs0203",1103.96,1.71,"dense",0.1318,0.7476,FALSE
"204","rs0204",1120.55,16.59,"sparse",0.2083,0.8187,FALSE
"205","rs0205",1120.71,0.17,"dense",0.497,0.8988,FALSE
"206","rs0206",1123.97,3.26,"dense",0.0703,0.649,FALSE
"207","rs0207",1124.62,0.65,"dense",0.4376,0.8957,FALSE
"208","rs0208",1136.62,12.01,"sparse",0.2733,0.8541,FALSE
"209","rs0209",1138.14,1.51,"dense",0.0543,0.6038,FALSE
"210","rs0210",1138.94,0.8,"dense",0.155,0.777,FALSE
"211","rs0211",1144.7,5.76,"dense",0.396,0.8907,TRUE
"212","rs0212",1148.93,4.23,"dense",0.239,0.839,FALSE
"213","rs0213",1152.43,3.51,"dense",0.069,0.6395,FALSE
"214","rs0214",1152.53,0.1,"dense",0.3274,0.8754,FALSE
"215","rs0215",1153.69,1.16,"dense",0.0785,0.6644,FALSE
"216","rs0216",1158.25,4.56,"dense",0.0496,0.5846,FALSE
"217","rs0217",1168.82,10.57,"sparse",0.4908,0.8987,FALSE
"218","rs0218",1170.25,1.43,"dense",0.095,0.6934,FALSE
"219","rs0219",1175.38,5.13,"dense",0.0536,0.5874,TRUE
"220","rs0220",1177.1,1.72,"dense",0.063,0.6157,FALSE
"221","rs0221",1180.61,3.5,"sparse",0.4972,0.8988,FALSE
"222","rs0222",1182.08,1.47,"dense",0.1577,0.7754,FALSE
"223","rs0223",1183.61,1.54,"dense",0.4756,0.8982,FALSE
"224","rs0224",1185.64,2.02,"dense",0.2221,0.8257,FALSE
"225","rs0225",1244.67,59.03,"sparse",0.478,0.8983,FALSE
"226","rs0226",1246.7,2.03,"dense",0.0631,0.6173,FALSE
"227","rs0227",1252.47,5.77,"sparse",0.2746,0.8568,TRUE
"228","rs0228",1255.93,3.46,"dense",0.0782,0.6597,FALSE
"229","rs0229",1256.75,0.82,"dense",0.2193,0.8277,FALSE
"230","rs0230",1258.14,1.38,"dense",0.4056,0.8924,FALSE
"231","rs0231",1261.83,3.69,"dense",0.3946,0.8907,FALSE
"232","rs0232",1262.12,0.29,"dense",0.3273,0.8757,FALSE
"233","rs0233",1266.46,4.34,"dense",0.2817,0.8601,FALSE
"234","rs0234",1268.08,1.62,"dense",0.2182,0.8278,FALSE
"235","rs0235",1271.79,3.71,"dense",0.0658,0.63,FALSE
"236","rs0236",1276.64,4.86,"sparse",0.4702,0.8983,FALSE
"237","rs0237",1279.94,3.3,"sparse",0.4958,0.8988,FALSE
"238","rs0238",1292.1,12.16,"dense",0.4841,0.8987,FALSE
"239","rs0239",1358.98,66.88,"sparse",0.498,0.8988,TRUE
"240","rs0240",1360.28,1.3,"dense",0.4826,0.8986,FALSE
"241","rs0241",1360.83,0.55,"dense",0.3604,0.8834,FALSE
"242","rs0242",1362.59,1.76,"dense",0.0535,0.5954,FALSE
"243","rs0243",1365.54,2.95,"dense",0.3958,0.8909,FALSE
"244","rs0244",1368.48,2.94,"dense",0.4417,0.8964,FALSE
"245","rs0245",1371.4,2.93,"dense",0.413,0.8933,FALSE
"246","rs0246",1373.74,2.34,"dense",0.0896,0.6826,FALSE
"247","rs0247",1375.07,1.33,"dense",0.0769,0.6569,FALSE
"248","rs0248",1377.02,1.95,"dense",0.2003,0.8124,FALSE
"249","rs0249",1380.89,3.88,"dense",0.4774,0.8984,FALSE
"250","rs0250",1382.2,1.3,"dense",0.1215,0.733,FALSE
"251","rs0251",1390.82,8.63,"sparse",0.3976,0.8906,FALSE
"252","rs0252",1392.04,1.22,"dense",0.4914,0.8988,FALSE
"253","rs0253",1394.34,2.29,"dense",0.1072,0.7104,FALSE
"254","rs0254",1396.54,2.2,"dense",0.409,0.8923,FALSE
"255","rs0255",1398.14,1.6,"dense",0.0702,0.6398,FALSE
"256","rs0256",1401.42,3.28,"dense",0.4968,0.8988,FALSE
"257","rs0257",1402.39,0.97,"dense",0.4274,0.8947,FALSE
"258","rs0258",1402.78,0.39,"dense",0.3155,0.871,FALSE
"259","rs0259",1403.22,0.44,"dense",0.1453,0.763,FALSE
"260","rs0260",1403.85,0.63,"dense",0.4716,0.8981,FALSE
"261","rs0261",1405.22,1.37,"dense",0.4996,0.8988,FALSE
"262","rs0262",1405.37,0.15,"dense",0.1626,0.7796,FALSE
"263","rs0263",1405.83,0.46,"dense",0.3743,0.886,FALSE
"264","rs0264",1408.75,2.92,"dense",0.0512,0.5857,FALSE
"265","rs0265",1414.23,5.48,"sparse",0.0647,0.6275,FALSE
"266","rs0266",1414.6,0.37,"dense",0.4515,0.8969,FALSE
"267","rs0267",1415.38,0.78,"dense",0.3628,0.8835,FALSE
"268","rs0268",1432.5,17.12,"sparse",0.4481,0.8967,FALSE
"269","rs0269",1434.75,2.25,"dense",0.1862,0.8025,FALSE
"270","rs0270",1439.6,4.85,"sparse",0.1031,0.7047,FALSE
"271","rs0271",1460.2,20.6,"sparse",0.0858,0.6752,FALSE
"272","rs0272",1462.97,2.77,"dense",0.4974,0.8988,FALSE
"273","rs0273",1463.55,0.58,"dense",0.3933,0.8899,FALSE
"274","rs0274",1464.93,1.38,"dense",0.1076,0.7145,FALSE
"275","rs0275",1467.79,2.86,"dense",0.4483,0.8967,FALSE
"276","rs0276",1472.82,5.03,"sparse",0.2396,0.8376,FALSE
"277","rs0277",1475.86,3.05,"dense",0.1931,0.8064,FALSE
"278","rs0278",1477.15,1.28,"dense",0.4504,0.8968,FALSE
"279","rs0279",1478.8,1.65,"dense",0.1759,0.7934,FALSE
"280","rs0280",1478.9,0.1,"dense",0.0548,0.597,FALSE
"281","rs0281",1479.87,0.97,"dense",0.1012,0.7049,FALSE
"282","rs0282",1483.12,3.26,"dense",0.437,0.8956,FALSE
"283","rs0283",1483.27,0.15,"dense",0.1177,0.7303,FALSE
"284","rs0284",1483.5,0.23,"dense",0.0639,0.6247,FALSE
"285","rs0285",1486.68,3.18,"sparse",0.0974,0.6972,FALSE
"286","rs0286",1486.78,0.1,"dense",0.3366,0.8773,FALSE
"287","rs0287",1487.65,0.87,"dense",0.3519,0.8814,FALSE
"288","rs0288",1491.03,3.39,"dense",0.0912,0.6859,TRUE
"289","rs0289",1492.6,1.57,"dense",0.422,0.8941,FALSE
"290","rs0290",1494.33,1.72,"dense",0.3662,0.885,FALSE
"291","rs0291",1494.73,0.41,"dense",0.3604,0.8834,FALSE
"292","rs0292",1503.56,8.83,"sparse",0.0498,0.5858,FALSE
"293","rs0293",1505.3,1.74,"dense",0.3651,0.8845,FALSE
"294","rs0294",1508.05,2.75,"dense",0.3416,0.8788,FALSE
"295","rs0295",1513.04,4.98,"dense",0.2178,0.8262,FALSE
"296","rs0296",1513.49,0.45,"dense",0.4873,0.8986,FALSE
"297","rs0297",1513.74,0.25,"dense",0.0538,0.5991,FALSE
"298","rs0298",1515.22,1.48,"dense",0.2816,0.8587,FALSE
"299","rs0299",1523.46,8.24,"dense",0.4144,0.8929,FALSE
"300","rs0300",1525.92,2.46,"dense",0.3762,0.8866,FALSE
"301","rs0301",1526.33,0.41,"dense",0.153,0.7735,FALSE
"302","rs0302",1535.38,9.05,"dense",0.3574,0.8826,FALSE
"303","rs0303",1535.96,0.58,"dense",0.0556,0.6023,FALSE
"304","rs0304",1539.8,3.84,"dense",0.0825,0.6739,FALSE
"305","rs0305",1540.04,0.23,"dense",0.089,0.6857,FALSE
"306","rs0306",1583.36,43.32,"sparse",0.0698,0.6373,TRUE
"307","rs0307",1609.67,26.31,"sparse",0.4689,0.8979,FALSE
"308","rs0308",1610.17,0.5,"dense",0.3286,0.8734,FALSE
"309","rs0309",1611.77,1.6,"dense",0.4602,0.8973,FALSE
"310","rs0310",1611.94,0.16,"dense",0.3192,0.8704,FALSE
"311","rs0311",1612.78,0.84,"dense",0.0547,0.5961,FALSE
"312","rs0312",1613.75,0.97,"dense",0.4996,0.8988,FALSE
"313","rs0313",1614.34,0.59,"sparse",0.0739,0.6458,FALSE
"314","rs0314",1616.17,1.83,"dense",0.3311,0.874,FALSE
"315","rs0315",1616.56,0.38,"dense",0.2962,0.8627,FALSE
"316","rs0316",1620.01,3.45,"dense",0.4266,0.8944,FALSE
"317","rs0317",1631.24,11.23,"sparse",0.4608,0.8974,FALSE
"318","rs0318",1632.08,0.84,"dense",0.457,0.8971,FALSE
"319","rs0319",1632.28,0.21,"dense",0.4716,0.8981,FALSE
"320","rs0320",1646.33,14.04,"sparse",0.0643,0.6207,TRUE
"321","rs0321",1655.75,9.42,"sparse",0.497,0.8988,FALSE
"322","rs0322",1656.34,0.59,"dense",0.2634,0.8484,FALSE
"323","rs0323",1657.48,1.14,"dense",0.342,0.8782,FALSE
"324","rs0324",1658.1,0.62,"dense",0.1214,0.732,FALSE
"325","rs0325",1660.23,2.13,"dense",0.3321,0.8749,FALSE
"326","rs0326",1660.81,0.58,"dense",0.4084,0.8919,FALSE
"327","rs0327",1667.99,7.17,"sparse",0.0532,0.589,FALSE
"328","rs0328",1668.84,0.86,"dense",0.4877,0.8986,FALSE
"329","rs0329",1681.66,12.81,"sparse",0.3684,0.8847,FALSE
"330","rs0330",1684.01,2.35,"dense",0.0832,0.6639,FALSE
"331","rs0331",1685.76,1.74,"dense",0.2615,0.8482,FALSE
"332","rs0332",1695.2,9.45,"sparse",0.1835,0.7966,FALSE
"333","rs0333",1699.88,4.68,"dense",0.4996,0.8988,FALSE
"334","rs0334",1702.25,2.37,"dense",0.0535,0.5905,FALSE
"335","rs0335",1703.69,1.44,"dense",0.3174,0.8712,FALSE
"336","rs0336",1703.83,0.15,"dense",0.4983,0.8988,FALSE
"337","rs0337",1703.99,0.16,"dense",0.0728,0.6432,FALSE
"338","rs0338",1704.61,0.62,"dense",0.2412,0.8373,FALSE
"339","rs0339",1706.74,2.13,"dense",0.0609,0.6116,FALSE
"340","rs0340",1709.46,2.72,"sparse",0.3896,0.8888,FALSE
"341","rs0341",1709.56,0.1,"dense",0.3587,0.8827,FALSE
"342","rs0342",1709.79,0.23,"dense",0.4936,0.8987,FALSE
"343","rs0343",1712.59,2.8,"dense",0.2878,0.8605,FALSE
"344","rs0344",1713.75,1.16,"dense",0.0527,0.5871,FALSE
"345","rs0345",1715.55,1.81,"dense",0.0522,0.5858,FALSE
"346","rs0346",1717.03,1.47,"dense",0.4876,0.8986,FALSE
"347","rs0347",1718.28,1.25,"dense",0.1071,0.7071,FALSE
"348","rs0348",1809.56,91.29,"sparse",0.1119,0.7218,TRUE
"349","rs0349",1813.94,4.38,"dense",0.0844,0.6682,FALSE
"350","rs0350",1837.01,23.07,"sparse",0.4964,0.8988,FALSE
"351","rs0351",1845.39,8.38,"sparse",0.1654,0.7845,FALSE
"352","rs0352",1845.59,0.2,"dense",0.3968,0.8901,FALSE
"353","rs0353",1846.5,0.91,"dense",0.448,0.8965,FALSE
"354","rs0354",1847.07,0.58,"dense",0.4916,0.8987,FALSE
"355","rs0355",1848.02,0.95,"dense",0.1928,0.8078,FALSE
"356","rs0356",1850.75,2.73,"dense",0.0548,0.6004,FALSE
"357","rs0357",1851.06,0.31,"dense",0.3742,0.8861,FALSE
"358","rs0358",1851.8,0.74,"dense",0.0518,0.591,FALSE
"359","rs0359",1855.76,3.96,"sparse",0.3919,0.8895,FALSE
"360","rs0360",1855.87,0.11,"dense",0.2119,0.822,FALSE
"361","rs0361",1858.09,2.22,"dense",0.377,0.8868,FALSE
"362","rs0362",1859.87,1.78,"dense",0.1118,0.7197,FALSE
"363","rs0363",1860.69,0.83,"dense",0.0984,0.6997,FALSE
"364","rs0364",1861.38,0.69,"dense",0.2524,0.8452,FALSE
"365","rs0365",1863.28,1.9,"sparse",0.4738,0.8982,FALSE
"366","rs0366",1863.38,0.11,"dense",0.4843,0.8986,FALSE
"367","rs0367",1864.3,0.92,"dense",0.213,0.8226,FALSE
"368","rs0368",1864.62,0.32,"dense",0.455,0.8971,FALSE
"369","rs0369",1882.57,17.95,"sparse",0.225,0.8306,FALSE
"370","rs0370",1890.21,7.64,"dense",0.3888,0.8888,FALSE
"371","rs0371",1892.69,2.49,"dense",0.0948,0.693,FALSE
"372","rs0372",1893.68,0.99,"dense",0.0582,0.6095,FALSE
"373","rs0373",1894.72,1.04,"dense",0.4976,0.8988,FALSE
"374","rs0374",1898.67,3.95,"dense",0.0768,0.6558,FALSE
"375","rs0375",1898.77,0.1,"dense",0.2687,0.8536,FALSE
"376","rs0376",1901.13,2.36,"dense",0.4479,0.8965,FALSE
"377","rs0377",1906.23,5.1,"sparse",0.1198,0.7381,FALSE
"378","rs0378",1908.52,2.29,"dense",0.3986,0.8902,FALSE
"379","rs0379",1911.75,3.23,"dense",0.0959,0.6976,FALSE
"380","rs0380",1913.01,1.26,"dense",0.0542,0.5996,FALSE
"381","rs0381",1932.08,19.06,"sparse",0.3881,0.8884,FALSE
"382","rs0382",1933.05,0.97,"dense",0.0644,0.6285,FALSE
"383","rs0383",1940.71,7.66,"dense",0.0715,0.6452,FALSE
"384","rs0384",1947.24,6.53,"dense",0.4732,0.8981,FALSE
"385","rs0385",1948.02,0.78,"dense",0.2524,0.8456,FALSE
"386","rs0386",1948.15,0.13,"dense",0.4971,0.8988,FALSE
"387","rs0387",1948.48,0.33,"sparse",0.3728,0.8852,FALSE
"388","rs0388",1950.33,1.85,"dense",0.2674,0.8524,FALSE
"389","rs0389",1962.67,12.34,"sparse",0.1015,0.7086,FALSE
"390","rs0390",1963.98,1.31,"dense",0.3086,0.8688,FALSE
"391","rs0391",1970.91,6.94,"dense",0.0649,0.6265,TRUE
"392","rs0392",1975.59,4.67,"sparse",0.1776,0.7943,FALSE
"393","rs0393",1978.13,2.54,"dense",0.0815,0.662,FALSE
"394","rs0394",1981.39,3.26,"dense",0.4271,0.8949,FALSE
"395","rs0395",1981.88,0.49,"dense",0.076,0.6517,FALSE
"396","rs0396",1984.98,3.1,"dense",0.0969,0.6952,FALSE
"397","rs0397",1987.01,2.04,"dense",0.3185,0.8721,FALSE
"398","rs0398",1997.16,10.15,"sparse",0.0661,0.6245,FALSE
"399","rs0399",2028.85,31.69,"sparse",0.489,0.8988,TRUE
"400","rs0400",2029.8,0.95,"dense",0.4086,0.8932,FALSE
"401","rs0401",2031.05,1.25,"dense",0.0546,0.6052,FALSE
"402","rs0402",2034.93,3.88,"dense",0.0643,0.6321,FALSE
"403","rs0403",2036.99,2.07,"dense",0.4186,0.8943,FALSE
"404","rs0404",2039.75,2.76,"dense",0.0562,0.6109,FALSE
"405","rs0405",2039.85,0.1,"dense",0.2769,0.8567,FALSE
"406","rs0406",2055.8,15.95,"sparse",0.466,0.898,FALSE
"407","rs0407",2059.79,3.99,"dense",0.471,0.8982,FALSE
"408","rs0408",2071.08,11.29,"sparse",0.2371,0.8373,FALSE
"409","rs0409",2072.31,1.23,"dense",0.0487,0.5853,FALSE
"410","rs0410",2078.84,6.53,"dense",0.1,0.7034,FALSE
"411","rs0411",2081.69,2.85,"dense",0.3472,0.8804,FALSE
"412","rs0412",2086.43,4.75,"dense",0.4002,0.8914,FALSE
"413","rs0413",2087.19,0.75,"dense",0.4786,0.8985,FALSE
"414","rs0414",2088.92,1.73,"dense",0.5,0.8988,FALSE
"415","rs0415",2091.51,2.59,"dense",0.1817,0.7984,FALSE
"416","rs0416",2095.74,4.23,"dense",0.0505,0.5912,FALSE
"417","rs0417",2096.32,0.58,"dense",0.3202,0.8726,FALSE
"418","rs0418",2097.37,1.05,"dense",0.2439,0.8405,FALSE
"419","rs0419",2099.49,2.12,"dense",0.2987,0.8653,FALSE
"420","rs0420",2100.56,1.07,"dense",0.0627,0.6273,FALSE
"421","rs0421",2101.66,1.11,"dense",0.3286,0.8753,FALSE
"422","rs0422",2101.78,0.12,"dense",0.0632,0.6281,FALSE
"423","rs0423",2102.14,0.36,"dense",0.2218,0.8281,FALSE
"424","rs0424",2130.34,28.2,"sparse",0.4892,0.8987,TRUE
"425","rs0425",2142.25,11.9,"sparse",0.1967,0.81,FALSE
"426","rs0426",2142.83,0.58,"dense",0.496,0.8988,FALSE
"427","rs0427",2143.34,0.52,"dense",0.0765,0.6544,FALSE
"428","rs0428",2146.42,3.08,"dense",0.0868,0.6763,FALSE
"429","rs0429",2146.71,0.29,"dense",0.316,0.8715,FALSE
"430","rs0430",2147.82,1.12,"dense",0.1594,0.781,FALSE
"431","rs0431",2149.16,1.34,"dense",0.4688,0.8982,FALSE
"432","rs0432",2149.26,0.1,"dense",0.0727,0.6441,FALSE
"433","rs0433",2153.69,4.43,"dense",0.3973,0.8909,FALSE
"434","rs0434",2155.08,1.39,"dense",0.418,0.894,FALSE
"435","rs0435",2155.18,0.1,"dense",0.2676,0.8522,FALSE
"436","rs0436",2181.02,25.83,"sparse",0.452,0.8971,FALSE
"437","rs0437",2186.62,5.61,"dense",0.4201,0.8938,FALSE
"438","rs0438",2187.94,1.32,"dense",0.3842,0.8883,FALSE
"439","rs0439",2191.31,3.38,"dense",0.4966,0.8988,FALSE
"440","rs0440",2191.56,0.24,"dense",0.4578,0.8973,FALSE
"441","rs0441",2195.36,3.8,"dense",0.4598,0.8973,FALSE
"442","rs0442",2197.27,1.91,"dense",0.4012,0.8911,FALSE
"443","rs0443",2225.54,28.27,"sparse",0.1343,0.7485,FALSE
"444","rs0444",2228.59,3.05,"dense",0.0779,0.6545,TRUE
"445","rs0445",2257.2,28.61,"sparse",0.2322,0.8328,TRUE
"446","rs0446",2260.83,3.63,"dense",0.0546,0.5994,FALSE
"447","rs0447",2261.14,0.31,"dense",0.1037,0.7036,FALSE
"448","rs0448",2261.4,0.26,"dense",0.2323,0.8335,FALSE
"449","rs0449",2263.61,2.21,"sparse",0.1544,0.7708,FALSE
"450","rs0450",2266.99,3.38,"dense",0.3492,0.8799,FALSE
"451","rs0451",2267.09,0.1,"dense",0.4958,0.8988,FALSE
"452","rs0452",2270.41,3.32,"dense",0.0629,0.6209,FALSE
"453","rs0453",2273.12,2.71,"dense",0.2789,0.8561,FALSE
"454","rs0454",2273.39,0.27,"dense",0.1447,0.7593,FALSE
"455","rs0455",2278.08,4.68,"dense",0.1803,0.7955,FALSE
"456","rs0456",2278.78,0.71,"dense",0.0972,0.6951,FALSE
"457","rs0457",2279.11,0.32,"dense",0.0497,0.5843,FALSE
"458","rs0458",2279.82,0.72,"dense",0.1784,0.7944,FALSE
"459","rs0459",2280.09,0.26,"dense",0.0563,0.6038,FALSE
"460","rs0460",2288.08,7.99,"sparse",0.3384,0.8772,FALSE
"461","rs0461",2290.51,2.43,"sparse",0.4066,0.8915,FALSE
"462","rs0462",2291.84,1.33,"dense",0.1054,0.7075,FALSE
"463","rs0463",2292.23,0.39,"dense",0.0717,0.6425,FALSE
"464","rs0464",2322.63,30.4,"sparse",0.4701,0.8981,FALSE
"465","rs0465",2323.32,0.69,"dense",0.0562,0.6035,FALSE
"466","rs0466",2323.65,0.33,"dense",0.4125,0.8928,FALSE
"467","rs0467",2326.49,2.84,"dense",0.208,0.8181,FALSE
"468","rs0468",2328.39,1.9,"dense",0.194,0.8083,FALSE
"469","rs0469",2328.63,0.24,"dense",0.4104,0.8924,FALSE
"470","rs0470",2329.56,0.93,"dense",0.461,0.8976,FALSE
"471","rs0471",2364.94,35.38,"sparse",0.1822,0.799,FALSE
"472","rs0472",2371.69,6.74,"dense",0.2506,0.8452,FALSE
"473","rs0473",2371.84,0.15,"dense",0.0862,0.6759,FALSE
"474","rs0474",2372.42,0.58,"sparse",0.442,0.8959,FALSE
"475","rs0475",2374.74,2.32,"sparse",0.3603,0.8832,FALSE
"476","rs0476",2376.73,1.99,"dense",0.0535,0.5932,FALSE
"477","rs0477",2379.06,2.32,"dense",0.4964,0.8988,FALSE
"478","rs0478",2379.47,0.41,"dense",0.1082,0.7126,FALSE
"479","rs0479",2407.74,28.28,"sparse",0.2513,0.8449,TRUE
"480","rs0480",2407.84,0.1,"dense",0.2003,0.8125,FALSE
"481","rs0481",2407.96,0.12,"dense",0.1652,0.7842,FALSE
"482","rs0482",2408.16,0.2,"dense",0.303,0.8667,FALSE
"483","rs0483",2408.31,0.16,"dense",0.2972,0.8646,FALSE
"484","rs0484",2437.21,28.9,"sparse",0.394,0.8906,TRUE
"485","rs0485",2437.51,0.3,"dense",0.057,0.6143,FALSE
"486","rs0486",2467.31,29.8,"sparse",0.0693,0.6446,FALSE
"487","rs0487",2472.99,5.68,"dense",0.4998,0.8988,FALSE
"488","rs0488",2485.13,12.14,"sparse",0.4982,0.8988,FALSE
"489","rs0489",2485.39,0.27,"dense",0.1581,0.7778,FALSE
"490","rs0490",2487.24,1.85,"dense",0.4878,0.8987,FALSE
"491","rs0491",2487.34,0.1,"dense",0.1921,0.8089,FALSE
"492","rs0492",2496.3,8.96,"sparse",0.298,0.8662,FALSE
"493","rs0493",2499.41,3.11,"dense",0.2218,0.8292,FALSE
"494","rs0494",2499.56,0.16,"sparse",0.4727,0.8982,FALSE
"495","rs0495",2501.11,1.55,"dense",0.4703,0.8982,FALSE
"496","rs0496",2501.77,0.66,"dense",0.2359,0.8376,FALSE
"497","rs0497",2502.15,0.38,"dense",0.2654,0.8531,FALSE
"498","rs0498",2502.77,0.62,"dense",0.2825,0.8601,FALSE
"499","rs0499",2506.11,3.34,"dense",0.4742,0.8983,FALSE
"500","rs0500",2507.49,1.38,"dense",0.1768,0.796,FALSE
"501","rs0501",2507.59,0.1,"dense",0.2476,0.8444,FALSE
"502","rs0502",2508.57,0.97,"dense",0.052,0.6006,FALSE
"503","rs0503",2509.45,0.88,"dense",0.4242,0.8946,FALSE
"504","rs0504",2510.67,1.22,"dense",0.4808,0.8985,FALSE
"505","rs0505",2513.94,3.27,"sparse",0.1804,0.7997,FALSE
"506","rs0506",2515.4,1.45,"dense",0.4872,0.8987,FALSE
"507","rs0507",2551.01,35.61,"sparse",0.1358,0.7516,TRUE
"508","rs0508",2551.96,0.95,"dense",0.3805,0.8868,FALSE
"509","rs0509",2556.51,4.56,"dense",0.331,0.8741,FALSE
"510","rs0510",2559.84,3.32,"sparse",0.1644,0.7821,FALSE
"511","rs0511",2560.32,0.49,"dense",0.1197,0.7307,FALSE
"512","rs0512",2560.94,0.62,"dense",0.0578,0.6046,FALSE
"513","rs0513",2561.76,0.82,"dense",0.409,0.8919,FALSE
"514","rs0514",2562.76,1,"dense",0.4502,0.8967,FALSE
"515","rs0515",2564.15,1.39,"dense",0.4823,0.8985,FALSE
"516","rs0516",2564.92,0.77,"dense",0.1732,0.7895,FALSE
"517","rs0517",2565.17,0.25,"dense",0.4978,0.8988,FALSE
"518","rs0518",2565.27,0.1,"dense",0.0776,0.6568,FALSE
"519","rs0519",2565.96,0.69,"dense",0.4232,0.8939,FALSE
"520","rs0520",2566.21,0.25,"dense",0.4197,0.8934,FALSE
"521","rs0521",2567.41,1.19,"dense",0.2322,0.8322,FALSE
"522","rs0522",2570.22,2.81,"sparse",0.0699,0.6378,FALSE
"523","rs0523",2570.67,0.45,"sparse",0.4654,0.8977,FALSE
"524","rs0524",2585.74,15.07,"sparse",0.4406,0.8958,FALSE
"525","rs0525",2592.01,6.27,"dense",0.4379,0.8955,FALSE
"526","rs0526",2595.8,3.79,"dense",0.1167,0.7249,FALSE
"527","rs0527",2598.39,2.59,"dense",0.326,0.8733,FALSE
"528","rs0528",2602.89,4.51,"dense",0.1598,0.777,FALSE
"529","rs0529",2620.65,17.75,"sparse",0.1829,0.8022,TRUE
"530","rs0530",2622.07,1.43,"dense",0.4927,0.8988,FALSE
"531","rs0531",2626.67,4.59,"dense",0.3932,0.8905,FALSE
"532","rs0532",2634.3,7.63,"sparse",0.0939,0.6954,FALSE
"533","rs0533",2642.04,7.74,"dense",0.0494,0.5841,FALSE
"534","rs0534",2643.86,1.82,"dense",0.2004,0.8166,FALSE
"535","rs0535",2644.07,0.22,"dense",0.4682,0.8983,FALSE
"536","rs0536",2651.3,7.23,"dense",0.1454,0.7672,FALSE
"537","rs0537",2651.45,0.15,"dense",0.4151,0.8939,FALSE
"538","rs0538",2651.61,0.15,"dense",0.1181,0.7329,FALSE
"539","rs0539",2654.87,3.26,"dense",0.0497,0.5862,FALSE
"540","rs0540",2655.19,0.32,"dense",0.0493,0.5847,FALSE
"541","rs0541",2657.31,2.13,"dense",0.4944,0.8988,FALSE
"542","rs0542",2657.48,0.17,"dense",0.0511,0.5897,FALSE
"543","rs0543",2664.35,6.87,"sparse",0.1074,0.7206,FALSE
"544","rs0544",2665.52,1.17,"dense",0.4764,0.8986,FALSE
"545","rs0545",2666,0.49,"dense",0.4844,0.8988,FALSE
"546","rs0546",2669.37,3.36,"dense",0.1741,0.7967,FALSE
"547","rs0547",2669.66,0.29,"dense",0.1523,0.7766,FALSE
"548","rs0548",2670.22,0.57,"dense",0.1954,0.8126,FALSE
"549","rs0549",2673.19,2.97,"dense",0.352,0.8827,TRUE
"550","rs0550",2673.38,0.19,"dense",0.189,0.8072,FALSE
"551","rs0551",2673.93,0.54,"dense",0.1643,0.7837,FALSE
"552","rs0552",2677.07,3.14,"sparse",0.052,0.5901,FALSE
"553","rs0553",2677.5,0.43,"dense",0.4938,0.8988,FALSE
"554","rs0554",2677.67,0.18,"dense",0.494,0.8988,FALSE
"555","rs0555",2679.73,2.06,"dense",0.0512,0.585,FALSE
"556","rs0556",2684.83,5.09,"dense",0.1193,0.7319,TRUE
"557","rs0557",2687.92,3.09,"dense",0.28,0.8585,FALSE
"558","rs0558",2714.82,26.9,"sparse",0.4644,0.8981,TRUE
"559","rs0559",2716.93,2.11,"dense",0.2823,0.8593,FALSE
"560","rs0560",2718.14,1.21,"sparse",0.4095,0.8932,FALSE
"561","rs0561",2719.38,1.24,"dense",0.1357,0.755,FALSE
"562","rs0562",2720.36,0.99,"dense",0.4938,0.8988,FALSE
"563","rs0563",2721.91,1.55,"dense",0.4908,0.8988,FALSE
"564","rs0564",2723.85,1.94,"dense",0.0838,0.6728,FALSE
"565","rs0565",2724.38,0.53,"dense",0.4795,0.8986,FALSE
"566","rs0566",2725.61,1.23,"dense",0.2106,0.8216,FALSE
"567","rs0567",2729.51,3.9,"dense",0.3451,0.8801,FALSE
"568","rs0568",2730.86,1.35,"dense",0.2205,0.8285,FALSE
"569","rs0569",2731.61,0.75,"dense",0.064,0.6277,FALSE
"570","rs0570",2737.69,6.08,"dense",0.2519,0.8459,FALSE
"571","rs0571",2739.54,1.85,"dense",0.2419,0.8409,FALSE
"572","rs0572",2739.82,0.28,"dense",0.0775,0.6614,FALSE
"573","rs0573",2743.24,3.42,"dense",0.2401,0.8401,FALSE
"574","rs0574",2746.8,3.56,"sparse",0.2479,0.8432,FALSE
"575","rs0575",2747.79,0.99,"dense",0.2983,0.8661,FALSE
"576","rs0576",2750.58,2.78,"dense",0.3756,0.887,FALSE
"577","rs0577",2751.98,1.4,"dense",0.0505,0.5879,FALSE
"578","rs0578",2753.29,1.31,"dense",0.4678,0.8981,FALSE
"579","rs0579",2755.28,1.99,"dense",0.4544,0.8972,FALSE
"580","rs0580",2756.6,1.32,"dense",0.4997,0.8988,FALSE
"581","rs0581",2757.51,0.91,"dense",0.4963,0.8988,TRUE
"582","rs0582",2758.35,0.84,"dense",0.0887,0.6811,FALSE
"583","rs0583",2762.25,3.91,"sparse",0.369,0.8858,FALSE
"584","rs0584",2762.45,0.2,"dense",0.3146,0.8708,FALSE
"585","rs0585",2763.81,1.35,"dense",0.3906,0.8899,FALSE
"586","rs0586",2768.19,4.38,"dense",0.4745,0.8983,FALSE
"587","rs0587",2771.07,2.89,"dense",0.3199,0.8731,FALSE
"588","rs0588",2784.95,13.88,"sparse",0.3124,0.8711,FALSE
"589","rs0589",2791.6,6.64,"sparse",0.1061,0.7146,FALSE
"590","rs0590",2792.43,0.84,"dense",0.191,0.8066,FALSE
"591","rs0591",2792.96,0.52,"dense",0.4406,0.8962,FALSE
"592","rs0592",2794.18,1.22,"dense",0.4962,0.8988,FALSE
"593","rs0593",2800.31,6.12,"sparse",0.1174,0.7321,FALSE
"594","rs0594",2802.36,2.05,"dense",0.4953,0.8988,FALSE
"595","rs0595",2812.78,10.42,"sparse",0.4688,0.8981,FALSE
"596","rs0596",2818.71,5.93,"sparse",0.3051,0.8694,FALSE
"597","rs0597",2822.23,3.52,"dense",0.0506,0.592,FALSE
"598","rs0598",2822.82,0.6,"dense",0.0524,0.5984,FALSE
"599","rs0599",2823.85,1.03,"dense",0.4197,0.8943,FALSE
"600","rs0600",2824.33,0.47,"dense",0.3442,0.8808,FALSE
"601","rs0601",2826.55,2.23,"dense",0.2019,0.8158,FALSE
"602","rs0602",2829.12,2.57,"dense",0.2518,0.8473,FALSE
"603","rs0603",2830.22,1.1,"dense",0.0575,0.6131,FALSE
"604","rs0604",2830.89,0.67,"dense",0.4174,0.8941,FALSE
"605","rs0605",2832.43,1.55,"dense",0.3704,0.8868,FALSE
"606","rs0606",2834.89,2.45,"dense",0.1044,0.7134,FALSE
"607","rs0607",2835.73,0.84,"dense",0.4769,0.8986,FALSE
"608","rs0608",2835.83,0.1,"dense",0.3782,0.8883,FALSE
"609","rs0609",2839.6,3.77,"dense",0.1993,0.8154,FALSE
"610","rs0610",2844.67,5.07,"dense",0.0488,0.586,FALSE
"611","rs0611",2848.39,3.73,"dense",0.1548,0.7787,FALSE
"612","rs0612",2850.57,2.18,"dense",0.219,0.8296,FALSE
"613","rs0613",2851.56,0.99,"dense",0.4823,0.8987,FALSE
"614","rs0614",2851.76,0.2,"dense",0.1246,0.7444,FALSE
"615","rs0615",2852.3,0.54,"dense",0.2085,0.8226,FALSE
"616","rs0616",2853.78,1.48,"sparse",0.4476,0.8971,TRUE
"617","rs0617",2870.67,16.89,"sparse",0.3316,0.8771,FALSE
"618","rs0618",2871.74,1.07,"dense",0.2252,0.832,FALSE
"619","rs0619",2872.71,0.96,"dense",0.0676,0.6417,FALSE
"620","rs0620",2873.28,0.57,"dense",0.4042,0.8924,FALSE
"621","rs0621",2875.97,2.69,"dense",0.4432,0.8967,FALSE
"622","rs0622",2876.57,0.6,"dense",0.1856,0.8041,FALSE
"623","rs0623",2879.44,2.87,"dense",0.137,0.7578,FALSE
"624","rs0624",2879.71,0.28,"dense",0.486,0.8987,FALSE
"625","rs0625",2880.12,0.41,"dense",0.4724,0.8984,FALSE
"626","rs0626",2882.96,2.84,"dense",0.2445,0.8432,FALSE
"627","rs0627",2883.09,0.13,"dense",0.4955,0.8988,FALSE
"628","rs0628",2883.35,0.26,"dense",0.3616,0.8849,FALSE
"629","rs0629",2883.72,0.37,"dense",0.4736,0.8985,FALSE
"630","rs0630",2884.94,1.22,"dense",0.0532,0.6012,FALSE
"631","rs0631",2885.04,0.1,"dense",0.4016,0.8921,FALSE
"632","rs0632",2887.88,2.85,"dense",0.4582,0.8977,FALSE
"633","rs0633",2888.59,0.7,"dense",0.491,0.8988,FALSE
"634","rs0634",2889.2,0.61,"dense",0.0961,0.6981,FALSE
"635","rs0635",2890.55,1.35,"dense",0.3849,0.8895,FALSE
"636","rs0636",2893.17,2.62,"dense",0.1741,0.7946,FALSE
"637","rs0637",2895.88,2.7,"dense",0.3767,0.8882,FALSE
"638","rs0638",2900.76,4.89,"dense",0.2596,0.8507,FALSE
"639","rs0639",2902.22,1.45,"dense",0.1105,0.7232,FALSE
"640","rs0640",2912.64,10.42,"sparse",0.4908,0.8988,FALSE
"641","rs0641",2915.15,2.51,"dense",0.4059,0.8925,FALSE
"642","rs0642",2916.02,0.88,"dense",0.4514,0.8973,FALSE
"643","rs0643",2916.46,0.43,"dense",0.0582,0.616,FALSE
"644","rs0644",2918.77,2.32,"dense",0.2762,0.8588,FALSE
"645","rs0645",2925.97,7.2,"sparse",0.4931,0.8988,FALSE
"646","rs0646",2928.71,2.73,"dense",0.4918,0.8988,FALSE
"647","rs0647",2931.8,3.09,"dense",0.3762,0.8874,FALSE
"648","rs0648",2932.12,0.32,"dense",0.0477,0.5845,FALSE
"649","rs0649",2934.13,2.01,"dense",0.3469,0.881,FALSE
"650","rs0650",2982.83,48.7,"sparse",0.4792,0.8983,TRUE
"651","rs0651",2997.59,14.76,"sparse",0.3326,0.8745,FALSE
"652","rs0652",2998.42,0.83,"dense",0.4787,0.8983,FALSE
"653","rs0653",2999.75,1.33,"sparse",0.0814,0.6652,FALSE
"654","rs0654",2999.96,0.21,"sparse",0.4604,0.8974,FALSE
"655","rs0655",3000.06,0.1,"dense",0.4078,0.8915,FALSE
"656","rs0656",3000.82,0.76,"dense",0.442,0.8958,FALSE
"657","rs0657",3001.67,0.85,"dense",0.2546,0.8438,FALSE
"658","rs0658",3002.6,0.93,"dense",0.1007,0.7016,FALSE
"659","rs0659",3005.37,2.77,"dense",0.0991,0.6978,FALSE
"660","rs0660",3008.57,3.19,"dense",0.4831,0.8985,FALSE
"661","rs0661",3009.02,0.46,"dense",0.37,0.8846,FALSE
"662","rs0662",3010.8,1.78,"dense",0.2424,0.8381,FALSE
"663","rs0663",3067.18,56.38,"sparse",0.4244,0.8947,TRUE
"664","rs0664",3067.56,0.38,"dense",0.382,0.8886,FALSE
"665","rs0665",3074.69,7.14,"sparse",0.0894,0.6879,FALSE
"666","rs0666",3076.1,1.41,"dense",0.0834,0.6761,FALSE
"667","rs0667",3076.2,0.1,"dense",0.0582,0.6129,FALSE
"668","rs0668",3077.28,1.08,"dense",0.1021,0.7095,FALSE
"669","rs0669",3082.8,5.52,"dense",0.3706,0.8861,FALSE
"670","rs0670",3095.36,12.57,"sparse",0.0564,0.6011,FALSE
"671","rs0671",3096.11,0.75,"dense",0.397,0.8909,FALSE
"672","rs0672",3096.28,0.17,"dense",0.1762,0.7972,FALSE
"673","rs0673",3097.02,0.75,"dense",0.3276,0.8749,FALSE
"674","rs0674",3098.64,1.62,"dense",0.4918,0.8988,FALSE
"675","rs0675",3101.82,3.18,"dense",0.171,0.7905,FALSE
"676","rs0676",3102.07,0.25,"dense",0.4943,0.8988,FALSE
"677","rs0677",3103.21,1.14,"dense",0.0583,0.6078,TRUE
"678","rs0678",3103.76,0.56,"dense",0.1254,0.7416,FALSE
"679","rs0679",3105.03,1.26,"dense",0.175,0.7952,FALSE
"680","rs0680",3105.77,0.74,"dense",0.3388,0.8792,FALSE
"681","rs0681",3110.47,4.69,"dense",0.0566,0.6033,FALSE
"682","rs0682",3114.8,4.33,"dense",0.2648,0.8529,FALSE
"683","rs0683",3120.85,6.05,"sparse",0.164,0.7861,FALSE
"684","rs0684",3121.33,0.48,"dense",0.2072,0.8203,FALSE
"685","rs0685",3139.7,18.37,"sparse",0.4762,0.8986,TRUE
"686","rs0686",3141.08,1.38,"dense",0.0535,0.598,FALSE
"687","rs0687",3163.82,22.75,"sparse",0.0517,0.5987,FALSE
"688","rs0688",3164.04,0.22,"dense",0.4374,0.8964,FALSE
"689","rs0689",3166.59,2.55,"dense",0.2449,0.8449,FALSE
"690","rs0690",3168.51,1.92,"dense",0.4765,0.8986,FALSE
"691","rs0691",3168.94,0.44,"dense",0.3404,0.8798,FALSE
"692","rs0692",3172.11,3.17,"dense",0.0674,0.6401,FALSE
"693","rs0693",3181.69,9.57,"dense",0.4929,0.8988,FALSE
"694","rs0694",3193.13,11.44,"sparse",0.3293,0.878,FALSE
"695","rs0695",3237.36,44.23,"sparse",0.2254,0.8361,FALSE
"696","rs0696",3238.54,1.18,"dense",0.427,0.8952,FALSE
"697","rs0697",3240.83,2.29,"dense",0.3,0.8687,FALSE
"698","rs0698",3245.44,4.61,"dense",0.3028,0.8694,FALSE
"699","rs0699",3263.21,17.76,"sparse",0.1809,0.8033,FALSE
"700","rs0700",3271.22,8.02,"sparse",0.3936,0.8908,FALSE
"701","rs0701",3272.21,0.99,"dense",0.441,0.8966,FALSE
"702","rs0702",3274.98,2.76,"dense",0.3908,0.8902,FALSE
"703","rs0703",3278.2,3.22,"dense",0.4578,0.8976,FALSE
"704","rs0704",3278.72,0.52,"dense",0.1892,0.8089,FALSE
"705","rs0705",3281.06,2.35,"dense",0.153,0.7757,FALSE
"706","rs0706",3281.52,0.46,"dense",0.1003,0.7094,FALSE
"707","rs0707",3285.82,4.3,"dense",0.0516,0.5926,FALSE
"708","rs0708",3287.5,1.69,"dense",0.0658,0.6364,FALSE
"709","rs0709",3288.94,1.43,"dense",0.1995,0.8167,FALSE
"710","rs0710",3290.51,1.57,"dense",0.1874,0.8073,FALSE
"711","rs0711",3291.15,0.64,"dense",0.2784,0.8586,FALSE
"712","rs0712",3324.36,33.22,"sparse",0.1127,0.7236,FALSE
"713","rs0713",3381.32,56.95,"sparse",0.2648,0.849,TRUE
"714","rs0714",3381.89,0.58,"dense",0.1008,0.7012,FALSE
"715","rs0715",3383.88,1.99,"dense",0.4738,0.898,FALSE
"716","rs0716",3385.36,1.48,"dense",0.4844,0.8985,FALSE
"717","rs0717",3386.66,1.3,"dense",0.059,0.6097,FALSE
"718","rs0718",3386.81,0.15,"dense",0.1409,0.7582,FALSE
"719","rs0719",3387.07,0.26,"dense",0.4266,0.8939,FALSE
"720","rs0720",3390.25,3.19,"dense",0.4572,0.897,FALSE
"721","rs0721",3395.12,4.87,"dense",0.1392,0.7551,FALSE
"722","rs0722",3395.74,0.62,"dense",0.1557,0.7747,FALSE
"723","rs0723",3399.95,4.21,"dense",0.0536,0.5907,FALSE
"724","rs0724",3400.16,0.21,"dense",0.0519,0.5863,FALSE
"725","rs0725",3401.56,1.39,"dense",0.4997,0.8988,FALSE
"726","rs0726",3402.14,0.58,"dense",0.3656,0.8835,FALSE
"727","rs0727",3418.91,16.77,"sparse",0.2302,0.8316,TRUE
"728","rs0728",3419.21,0.3,"dense",0.0556,0.5982,FALSE
"729","rs0729",3419.31,0.1,"dense",0.3332,0.8753,FALSE
"730","rs0730",3423.17,3.86,"dense",0.1478,0.7643,FALSE
"731","rs0731",3423.38,0.21,"dense",0.0508,0.5841,FALSE
"732","rs0732",3426.47,3.09,"dense",0.4551,0.8972,FALSE
"733","rs0733",3433.7,7.23,"sparse",0.2964,0.8626,FALSE
"734","rs0734",3455.01,21.31,"sparse",0.4924,0.8988,TRUE
"735","rs0735",3458.48,3.46,"sparse",0.4962,0.8988,FALSE
"736","rs0736",3458.88,0.4,"dense",0.486,0.8987,FALSE
"737","rs0737",3461.38,2.5,"dense",0.0516,0.5889,TRUE
"738","rs0738",3462.16,0.78,"dense",0.4819,0.8986,FALSE
"739","rs0739",3462.27,0.11,"dense",0.1094,0.7143,FALSE
"740","rs0740",3465.59,3.32,"dense",0.1754,0.7925,FALSE
"741","rs0741",3508.93,43.34,"sparse",0.2782,0.8558,FALSE
"742","rs0742",3558.89,49.96,"sparse",0.2423,0.8403,TRUE
"743","rs0743",3559.46,0.57,"dense",0.0924,0.6932,FALSE
"744","rs0744",3559.72,0.26,"dense",0.1434,0.7649,FALSE
"745","rs0745",3637.56,77.84,"sparse",0.4936,0.8988,TRUE
"746","rs0746",3646.53,8.97,"sparse",0.253,0.8432,FALSE
"747","rs0747",3647.62,1.09,"dense",0.0749,0.6505,FALSE
"748","rs0748",3650.58,2.96,"dense",0.247,0.8406,FALSE
"749","rs0749",3657.49,6.91,"dense",0.1824,0.8006,TRUE
"750","rs0750",3660.28,2.79,"sparse",0.3867,0.8889,FALSE
"751","rs0751",3660.55,0.27,"dense",0.4967,0.8988,FALSE
"752","rs0752",3660.88,0.33,"dense",0.478,0.8985,FALSE
"753","rs0753",3661.22,0.33,"dense",0.0712,0.651,FALSE
"754","rs0754",3662.01,0.8,"dense",0.0501,0.5855,FALSE
"755","rs0755",3662.91,0.9,"dense",0.4699,0.8982,FALSE
"756","rs0756",3667.1,4.18,"dense",0.1844,0.8027,FALSE
"757","rs0757",3667.91,0.82,"dense",0.2206,0.828,FALSE
"758","rs0758",3668.75,0.84,"dense",0.0788,0.6663,FALSE
"759","rs0759",3669.09,0.34,"dense",0.4972,0.8988,FALSE
"760","rs0760",3696.95,27.85,"sparse",0.0493,0.5844,FALSE
"761","rs0761",3704.22,7.27,"sparse",0.3814,0.8887,FALSE
"762","rs0762",3737.12,32.9,"sparse",0.4938,0.8988,FALSE
"763","rs0763",3740.41,3.29,"dense",0.0564,0.6082,FALSE
"764","rs0764",3741.6,1.19,"dense",0.0505,0.5864,FALSE
"765","rs0765",3741.83,0.23,"dense",0.0504,0.5853,FALSE
"766","rs0766",3744.25,2.41,"dense",0.1649,0.7878,FALSE
"767","rs0767",3745.48,1.24,"dense",0.4566,0.8974,FALSE
"768","rs0768",3752.15,6.67,"sparse",0.0713,0.6466,FALSE
"769","rs0769",3752.78,0.63,"dense",0.4954,0.8988,FALSE
"770","rs0770",3753.67,0.89,"dense",0.4958,0.8988,FALSE
"771","rs0771",3754.89,1.21,"dense",0.217,0.8262,FALSE
"772","rs0772",3755.12,0.24,"dense",0.1299,0.7491,FALSE
"773","rs0773",3756.31,1.19,"dense",0.3863,0.8889,FALSE
"774","rs0774",3756.67,0.36,"dense",0.0575,0.6095,FALSE
"775","rs0775",3760.16,3.49,"dense",0.0508,0.5884,FALSE
"776","rs0776",3764.16,3.99,"dense",0.3308,0.8755,FALSE
"777","rs0777",3766.52,2.36,"dense",0.064,0.6245,FALSE
"778","rs0778",3800.06,33.54,"sparse",0.4342,0.8957,TRUE
"779","rs0779",3800.88,0.83,"sparse",0.403,0.892,FALSE
"780","rs0780",3802.02,1.14,"dense",0.0913,0.6857,FALSE
"781","rs0781",3823.87,21.85,"sparse",0.2074,0.8209,TRUE
"782","rs0782",3824.82,0.95,"dense",0.2522,0.8469,FALSE
"783","rs0783",3825.3,0.48,"dense",0.2289,0.8344,FALSE
"784","rs0784",3825.61,0.31,"dense",0.0512,0.5886,FALSE
"785","rs0785",3832.06,6.45,"dense",0.4835,0.8988,TRUE
"786","rs0786",3833.76,1.7,"dense",0.424,0.8954,FALSE
"787","rs0787",3835.22,1.47,"dense",0.4926,0.8988,FALSE
"788","rs0788",3836.78,1.55,"dense",0.4696,0.8985,FALSE
"789","rs0789",3837.68,0.9,"dense",0.4452,0.8972,FALSE
"790","rs0790",3840.14,2.46,"dense",0.4044,0.8928,FALSE
"791","rs0791",3840.8,0.66,"dense",0.0561,0.6095,FALSE
"792","rs0792",3845.54,4.74,"sparse",0.0486,0.5865,FALSE
"793","rs0793",3845.8,0.26,"dense",0.3754,0.8884,FALSE
"794","rs0794",3846.42,0.62,"dense",0.2718,0.8578,FALSE
"795","rs0795",3848.63,2.21,"dense",0.3318,0.8783,FALSE
"796","rs0796",3848.73,0.1,"dense",0.4817,0.8987,FALSE
"797","rs0797",3849.86,1.13,"dense",0.3258,0.8767,FALSE
"798","rs0798",3850.48,0.62,"dense",0.1357,0.7587,FALSE
"799","rs0799",3853.41,2.93,"dense",0.396,0.8915,FALSE
"800","rs0800",3861.63,8.23,"sparse",0.3458,0.8817,FALSE
"801","rs0801",3862.67,1.03,"dense",0.488,0.8988,FALSE
"802","rs0802",3868.01,5.35,"sparse",0.4426,0.8967,FALSE
"803","rs0803",3869.42,1.41,"sparse",0.2802,0.8605,FALSE
"804","rs0804",3871.67,2.24,"dense",0.3164,0.8733,FALSE
"805","rs0805",3875.05,3.38,"dense",0.4926,0.8988,FALSE
"806","rs0806",3876.39,1.34,"dense",0.0797,0.6691,FALSE
"807","rs0807",3879.94,3.56,"dense",0.2606,0.8509,FALSE
"808","rs0808",3883.14,3.2,"dense",0.3194,0.8737,FALSE
"809","rs0809",3883.24,0.1,"dense",0.4742,0.8985,FALSE
"810","rs0810",3884.91,1.67,"dense",0.3774,0.888,FALSE
"811","rs0811",3886.44,1.53,"dense",0.4862,0.8987,FALSE
"812","rs0812",3888.56,2.12,"dense",0.2816,0.8603,FALSE
"813","rs0813",3903.65,15.09,"sparse",0.374,0.8872,FALSE
"814","rs0814",3904.81,1.16,"dense",0.0751,0.6603,FALSE
"815","rs0815",3905.78,0.97,"dense",0.2854,0.8613,FALSE
"816","rs0816",3906.74,0.95,"dense",0.1286,0.7439,FALSE
"817","rs0817",3907.76,1.02,"dense",0.1897,0.807,FALSE
"818","rs0818",3938.35,30.6,"sparse",0.1307,0.7468,FALSE
"819","rs0819",3938.63,0.28,"dense",0.1276,0.7428,FALSE
"820","rs0820",3939.7,1.06,"dense",0.2482,0.8423,FALSE
"821","rs0821",3939.84,0.14,"dense",0.4978,0.8988,FALSE
"822","rs0822",3940.81,0.97,"dense",0.3482,0.8802,FALSE
"823","rs0823",3945.3,4.49,"dense",0.4574,0.8971,FALSE
"824","rs0824",3946.13,0.83,"dense",0.2283,0.8314,FALSE
"825","rs0825",3948.77,2.64,"dense",0.0797,0.6656,FALSE
"826","rs0826",3949.42,0.65,"dense",0.159,0.7769,FALSE
"827","rs0827",3955.17,5.76,"sparse",0.4522,0.8973,TRUE
"828","rs0828",3955.54,0.36,"dense",0.1648,0.7844,FALSE
"829","rs0829",3956.52,0.98,"dense",0.0547,0.6072,FALSE
"830","rs0830",3957.68,1.16,"dense",0.452,0.8973,FALSE
"831","rs0831",3957.88,0.2,"dense",0.3393,0.8794,FALSE
"832","rs0832",3967.12,9.24,"dense",0.1998,0.8134,FALSE
"833","rs0833",3967.75,0.63,"dense",0.4158,0.8941,FALSE
"834","rs0834",3968.95,1.2,"dense",0.3846,0.8893,FALSE
"835","rs0835",3970.43,1.48,"dense",0.0643,0.6311,FALSE
"836","rs0836",3972.1,1.67,"dense",0.0587,0.6161,FALSE
"837","rs0837",3974.69,2.58,"dense",0.485,0.8987,FALSE
"838","rs0838",3975.03,0.34,"dense",0.243,0.8401,FALSE
"839","rs0839",3976.16,1.13,"dense",0.3417,0.8793,FALSE
"840","rs0840",3984.5,8.34,"sparse",0.2114,0.8253,TRUE
"841","rs0841",3984.96,0.46,"dense",0.3968,0.891,FALSE
"842","rs0842",3989.74,4.78,"dense",0.4953,0.8988,FALSE
"843","rs0843",3989.84,0.1,"sparse",0.1454,0.7691,FALSE
"844","rs0844",3989.94,0.1,"dense",0.3626,0.8847,FALSE
"845","rs0845",3991.4,1.47,"dense",0.3714,0.8867,FALSE
"846","rs0846",3991.94,0.54,"dense",0.0534,0.5994,FALSE
"847","rs0847",3992.62,0.67,"dense",0.0512,0.5919,FALSE
"848","rs0848",3993.22,0.61,"dense",0.4981,0.8988,FALSE
"849","rs0849",3993.64,0.42,"dense",0.0747,0.66,FALSE
"850","rs0850",4018.75,25.11,"sparse",0.491,0.8988,FALSE
"851","rs0851",4020.36,1.6,"dense",0.1609,0.7844,FALSE
"852","rs0852",4020.46,0.1,"dense",0.4198,0.8945,FALSE
"853","rs0853",4024.71,4.26,"dense",0.3368,0.8789,FALSE
"854","rs0854",4028.41,3.69,"dense",0.3207,0.8741,FALSE
"855","rs0855",4029.02,0.61,"dense",0.4928,0.8988,FALSE
"856","rs0856",4030.79,1.77,"dense",0.0529,0.6023,FALSE
"857","rs0857",4036.61,5.82,"dense",0.4876,0.8988,FALSE
"858","rs0858",4037.17,0.56,"dense",0.0908,0.6925,FALSE
"859","rs0859",4040.97,3.8,"sparse",0.4952,0.8988,FALSE
"860","rs0860",4041.82,0.85,"dense",0.495,0.8988,FALSE
"861","rs0861",4048.96,7.14,"sparse",0.4942,0.8988,FALSE
"862","rs0862",4057.23,8.27,"sparse",0.1641,0.7889,FALSE
"863","rs0863",4057.49,0.26,"dense",0.2844,0.8622,FALSE
"864","rs0864",4057.59,0.1,"dense",0.4704,0.8984,FALSE
"865","rs0865",4059.33,1.74,"dense",0.0588,0.6211,FALSE
"866","rs0866",4059.62,0.29,"dense",0.4617,0.898,FALSE
"867","rs0867",4090.1,30.48,"sparse",0.4266,0.8955,FALSE
"868","rs0868",4090.58,0.48,"dense",0.491,0.8988,FALSE
"869","rs0869",4090.76,0.18,"dense",0.0472,0.5849,FALSE
"870","rs0870",4090.99,0.23,"dense",0.3739,0.8882,FALSE
"871","rs0871",4093.97,2.97,"dense",0.1384,0.7625,FALSE
"872","rs0872",4174.08,80.11,"sparse",0.2322,0.8342,TRUE
"873","rs0873",4180.15,6.07,"sparse",0.4325,0.895,FALSE
"874","rs0874",4181.09,0.94,"dense",0.4995,0.8988,FALSE
"875","rs0875",4205.42,24.33,"sparse",0.49,0.8987,FALSE
"876","rs0876",4209.89,4.48,"dense",0.248,0.8407,FALSE
"877","rs0877",4211.65,1.75,"dense",0.0601,0.6154,FALSE
"878","rs0878",4213.12,1.47,"dense",0.4557,0.897,FALSE
"879","rs0879",4217.69,4.57,"dense",0.4922,0.8987,FALSE
"880","rs0880",4225.93,8.24,"sparse",0.4872,0.8987,TRUE
"881","rs0881",4232.62,6.69,"dense",0.2116,0.8192,FALSE
"882","rs0882",4243.81,11.2,"sparse",0.4602,0.8976,FALSE
"883","rs0883",4245.16,1.34,"dense",0.2984,0.8653,FALSE
"884","rs0884",4245.26,0.1,"dense",0.3385,0.8779,FALSE
"885","rs0885",4246.19,0.93,"dense",0.4968,0.8988,FALSE
"886","rs0886",4259.03,12.84,"sparse",0.323,0.8734,FALSE
"887","rs0887",4261.42,2.39,"dense",0.2908,0.8623,FALSE
"888","rs0888",4261.84,0.42,"dense",0.0758,0.6571,FALSE
"889","rs0889",4262.31,0.47,"dense",0.4658,0.8979,FALSE
"890","rs0890",4292.93,30.62,"sparse",0.0506,0.5854,FALSE
"891","rs0891",4319.34,26.41,"sparse",0.0985,0.6996,TRUE
"892","rs0892",4321.26,1.92,"dense",0.4893,0.8987,FALSE
"893","rs0893",4323.57,2.31,"dense",0.0684,0.635,FALSE
"894","rs0894",4323.95,0.38,"dense",0.24,0.8363,FALSE
"895","rs0895",4324.59,0.64,"dense",0.4994,0.8988,FALSE
"896","rs0896",4328.24,3.65,"dense",0.2621,0.8491,FALSE
"897","rs0897",4341.61,13.37,"sparse",0.4858,0.8987,TRUE
"898","rs0898",4342.02,0.41,"dense",0.0597,0.615,FALSE
"899","rs0899",4342.23,0.21,"dense",0.4533,0.8974,FALSE
"900","rs0900",4345.08,2.85,"dense",0.4891,0.8988,FALSE
"901","rs0901",4346.4,1.31,"dense",0.221,0.8301,TRUE
"902","rs0902",4348.8,2.4,"dense",0.489,0.8987,FALSE
"903","rs0903",4348.96,0.17,"dense",0.0592,0.6166,FALSE
"904","rs0904",4350.66,1.7,"dense",0.3742,0.8862,FALSE
"905","rs0905",4350.76,0.1,"dense",0.1211,0.7364,FALSE
"906","rs0906",4353.65,2.89,"dense",0.1916,0.8093,FALSE
"907","rs0907",4407.85,54.2,"sparse",0.4529,0.8975,FALSE
"908","rs0908",4411.69,3.83,"dense",0.4877,0.8988,FALSE
"909","rs0909",4418.95,7.26,"dense",0.4899,0.8988,FALSE
"910","rs0910",4419.68,0.72,"dense",0.365,0.8854,FALSE
"911","rs0911",4419.78,0.1,"dense",0.0602,0.6159,FALSE
"912","rs0912",4422.96,3.18,"dense",0.067,0.6331,FALSE
"913","rs0913",4423.08,0.13,"dense",0.065,0.6282,FALSE
"914","rs0914",4440.42,17.34,"sparse",0.1504,0.7713,TRUE
"915","rs0915",4453.67,13.25,"sparse",0.1314,0.748,FALSE
"916","rs0916",4453.77,0.1,"dense",0.419,0.8943,FALSE
"917","rs0917",4455.39,1.62,"dense",0.1541,0.7755,FALSE
"918","rs0918",4461.29,5.89,"sparse",0.3386,0.8785,FALSE
"919","rs0919",4463.28,2,"dense",0.0516,0.587,FALSE
"920","rs0920",4463.76,0.47,"dense",0.3221,0.8738,FALSE
"921","rs0921",4464.55,0.79,"dense",0.3976,0.8913,FALSE
"922","rs0922",4468.19,3.64,"dense",0.0895,0.6823,FALSE
"923","rs0923",4468.56,0.37,"sparse",0.0719,0.6457,FALSE
"924","rs0924",4475.1,6.54,"sparse",0.0584,0.6103,FALSE
"925","rs0925",4477.64,2.54,"dense",0.0588,0.6125,FALSE
"926","rs0926",4479.06,1.42,"dense",0.2163,0.8264,FALSE
"927","rs0927",4489.13,10.07,"sparse",0.1915,0.8076,FALSE
"928","rs0928",4493.41,4.27,"dense",0.3401,0.8792,FALSE
"929","rs0929",4493.65,0.25,"dense",0.2176,0.8265,FALSE
"930","rs0930",4494.1,0.45,"dense",0.368,0.8861,FALSE
"931","rs0931",4496.11,2.01,"dense",0.3748,0.8873,FALSE
"932","rs0932",4496.68,0.56,"dense",0.0678,0.6377,FALSE
"933","rs0933",4505.56,8.88,"sparse",0.478,0.8986,FALSE
"934","rs0934",4528.22,22.66,"sparse",0.0818,0.6671,FALSE
"935","rs0935",4541.86,13.64,"sparse",0.2038,0.8191,FALSE
"936","rs0936",4543.74,1.88,"dense",0.202,0.8181,FALSE
"937","rs0937",4543.98,0.24,"dense",0.417,0.8942,FALSE
"938","rs0938",4549.29,5.31,"dense",0.0833,0.6742,FALSE
"939","rs0939",4550.21,0.91,"dense",0.0728,0.6493,FALSE
"940","rs0940",4550.35,0.15,"dense",0.4371,0.8961,FALSE
"941","rs0941",4551.63,1.27,"dense",0.362,0.8847,FALSE
"942","rs0942",4559.15,7.52,"dense",0.0828,0.6726,FALSE
"943","rs0943",4559.66,0.51,"dense",0.0938,0.6947,FALSE
"944","rs0944",4561.39,1.73,"dense",0.2217,0.8312,FALSE
"945","rs0945",4563.19,1.8,"dense",0.0781,0.6629,FALSE
"946","rs0946",4565.07,1.87,"dense",0.232,0.8374,FALSE
"947","rs0947",4566.05,0.98,"dense",0.3886,0.8893,FALSE
"948","rs0948",4566.56,0.51,"dense",0.1716,0.795,FALSE
"949","rs0949",4569.09,2.53,"dense",0.3985,0.8912,FALSE
"950","rs0950",4575.1,6.02,"dense",0.0745,0.6594,FALSE
"951","rs0951",4580.39,5.29,"dense",0.11,0.7227,FALSE
"952","rs0952",4580.82,0.43,"dense",0.4946,0.8988,FALSE
"953","rs0953",4583.73,2.91,"dense",0.0574,0.6173,FALSE
"954","rs0954",4590.53,6.8,"dense",0.0909,0.6925,FALSE
"955","rs0955",4591.88,1.35,"dense",0.0688,0.6475,FALSE
"956","rs0956",4593.77,1.89,"dense",0.4623,0.8979,FALSE
"957","rs0957",4597.67,3.9,"dense",0.4956,0.8988,FALSE
"958","rs0958",4602.01,4.34,"dense",0.2683,0.854,FALSE
"959","rs0959",4603.25,1.24,"sparse",0.0473,0.5842,FALSE
"960","rs0960",4603.6,0.36,"dense",0.1181,0.7359,FALSE
"961","rs0961",4604.61,1.01,"dense",0.335,0.878,FALSE
"962","rs0962",4606.99,2.38,"dense",0.231,0.8362,FALSE
"963","rs0963",4609.13,2.14,"dense",0.1039,0.7151,FALSE
"964","rs0964",4609.23,0.1,"dense",0.3676,0.886,FALSE
"965","rs0965",4637.71,28.48,"sparse",0.1193,0.7344,FALSE
"966","rs0966",4638.68,0.97,"dense",0.2726,0.8555,FALSE
"967","rs0967",4646.52,7.84,"sparse",0.2041,0.8174,FALSE
"968","rs0968",4648.67,2.14,"dense",0.3348,0.8771,FALSE
"969","rs0969",4654.31,5.64,"dense",0.4795,0.8986,FALSE
"970","rs0970",4655.66,1.36,"dense",0.1441,0.7639,FALSE
"971","rs0971",4656.73,1.07,"dense",0.449,0.8972,FALSE
"972","rs0972",4659.28,2.54,"dense",0.159,0.7805,FALSE
"973","rs0973",4659.44,0.16,"dense",0.496,0.8988,FALSE
"974","rs0974",4660.62,1.19,"dense",0.4804,0.8986,FALSE
"975","rs0975",4660.72,0.1,"dense",0.1123,0.7246,FALSE
"976","rs0976",4661.91,1.19,"dense",0.1981,0.8118,FALSE
"977","rs0977",4664.46,2.55,"dense",0.0639,0.6334,FALSE
"978","rs0978",4666.65,2.19,"dense",0.1587,0.7809,FALSE
"979","rs0979",4667.44,0.8,"dense",0.0851,0.6791,FALSE
"980","rs0980",4672.61,5.16,"dense",0.1969,0.8116,FALSE
"981","rs0981",4675.24,2.63,"dense",0.2171,0.8248,FALSE
"982","rs0982",4677.3,2.06,"dense",0.4934,0.8988,FALSE
"983","rs0983",4677.64,0.34,"dense",0.0478,0.5851,FALSE
"984","rs0984",4678.57,0.93,"dense",0.398,0.8909,FALSE
"985","rs0985",4678.71,0.14,"dense",0.3342,0.8766,FALSE
"986","rs0986",4680.11,1.4,"dense",0.2606,0.8491,FALSE
"987","rs0987",4680.78,0.66,"dense",0.1878,0.8047,FALSE
"988","rs0988",4783.32,102.54,"sparse",0.0622,0.6242,TRUE
"989","rs0989",4784.03,0.71,"dense",0.0583,0.6125,FALSE
"990","rs0990",4789.13,5.1,"dense",0.4971,0.8988,FALSE
"991","rs0991",4828.7,39.57,"sparse",0.053,0.5892,TRUE
"992","rs0992",4828.8,0.1,"dense",0.1878,0.8043,FALSE
"993","rs0993",4830.11,1.31,"dense",0.0785,0.6597,FALSE
"994","rs0994",4842.95,12.84,"sparse",0.4577,0.8977,FALSE
"995","rs0995",4869.17,26.22,"sparse",0.0874,0.6781,FALSE
"996","rs0996",4871.01,1.84,"dense",0.2028,0.8163,FALSE
"997","rs0997",4871.44,0.42,"dense",0.1076,0.7134,FALSE
"998","rs0998",4873.49,2.05,"dense",0.1389,0.7581,FALSE
"999","rs0999",4874.43,0.94,"dense",0.2901,0.8631,FALSE
"1000","rs1000",4875.42,0.98,"dense",0.4962,0.8988,FALSE
